{
  "best_global_step": null,
  "best_metric": null,
  "best_model_checkpoint": null,
  "epoch": 1.0,
  "eval_steps": 500,
  "global_step": 313,
  "is_hyper_param_search": false,
  "is_local_process_zero": true,
  "is_world_process_zero": true,
  "log_history": [
    {
      "epoch": 0.16,
      "grad_norm": 0.7119084596633911,
      "learning_rate": 0.00016869009584664536,
      "loss": 0.5701,
      "step": 50
    },
    {
      "epoch": 0.32,
      "grad_norm": 0.585993766784668,
      "learning_rate": 0.000136741214057508,
      "loss": 0.5378,
      "step": 100
    },
    {
      "epoch": 0.48,
      "grad_norm": 0.8545328378677368,
      "learning_rate": 0.00010479233226837062,
      "loss": 0.5145,
      "step": 150
    },
    {
      "epoch": 0.64,
      "grad_norm": 0.9508496522903442,
      "learning_rate": 7.284345047923323e-05,
      "loss": 0.5031,
      "step": 200
    },
    {
      "epoch": 0.8,
      "grad_norm": 0.7726459503173828,
      "learning_rate": 4.089456869009585e-05,
      "loss": 0.5176,
      "step": 250
    },
    {
      "epoch": 0.96,
      "grad_norm": 0.787378191947937,
      "learning_rate": 8.945686900958466e-06,
      "loss": 0.5098,
      "step": 300
    }
  ],
  "logging_steps": 50,
  "max_steps": 313,
  "num_input_tokens_seen": 0,
  "num_train_epochs": 1,
  "save_steps": 500,
  "stateful_callbacks": {
    "TrainerControl": {
      "args": {
        "should_epoch_stop": false,
        "should_evaluate": false,
        "should_log": false,
        "should_save": true,
        "should_training_stop": true
      },
      "attributes": {}
    }
  },
  "total_flos": 2.731147788288e+16,
  "train_batch_size": 4,
  "trial_name": null,
  "trial_params": null
}
